ID,Language_ID,Parameter_ID,Value,Code_ID,Comment,Source,Example_ID
11-UT001,11,UT001,0,UT001-0,,,
11-UT002,11,UT002,1,UT002-1,,,1
11-UT003,11,UT003,0,UT003-0,,,
11-UT004,11,UT004,1,UT004-1,,,2
11-UT005,11,UT005,0,UT005-0,,,
11-UT006,11,UT006,0,UT006-0,,,
11-UT007,11,UT007,1,UT007-1,,,3
11-UT008,11,UT008,1,UT008-1,,,4
11-UT009,11,UT009,0,UT009-0,,,
11-UT010,11,UT010,0,UT010-0,,,
11-UT011,11,UT011,1,UT011-1,,,5
11-UT012,11,UT012,1,UT012-1,,,6
11-UT013,11,UT013,1,UT013-1,,,7
11-UT014,11,UT014,1,UT014-1,,,8
11-UT015,11,UT015,0,UT015-0,,,
11-UT016,11,UT016,0,UT016-0,,,
11-UT017,11,UT017,1,UT017-1,,,9
11-UT018,11,UT018,1,UT018-1,,,10
11-UT019,11,UT019,1,UT019-1,,,11
11-UT020,11,UT020,1,UT020-1,,,12
11-UT021,11,UT021,1,UT021-1,,,13
11-UT022,11,UT022,0,UT022-0,,,
11-UT023,11,UT023,0,UT023-0,,,
11-UT024,11,UT024,0,UT024-0,,,
11-UT025,11,UT025,0,UT025-0,,,
11-UT026,11,UT026,1,UT026-1,,,14
11-UT027,11,UT027,1,UT027-1,,,15
11-UT028,11,UT028,0,UT028-0,,,
11-UT029,11,UT029,1,UT029-1,,,16
11-UT030,11,UT030,0,UT030-0,,,
11-UT031,11,UT031,1,UT031-1,,,17
11-UT032,11,UT032,0,UT032-0,,,
11-UT033,11,UT033,0,UT033-0,,,
11-UT034,11,UT034,0,UT034-0,,,
11-UT035,11,UT035,0,UT035-0,,,
11-UT036,11,UT036,0,UT036-0,,,
11-UT037,11,UT037,0,UT037-0,,,
11-UT038,11,UT038,1,UT038-1,"Possible only in the spoken language, where it is a very frequent form.",,18
11-UT039,11,UT039,1,UT039-1,It is not very frequent form but sometimes it is used.,,19
11-UT040,11,UT040,0,UT040-0,The 3rd person form is used. In spoken language 2SG may be used; structure is recently borrowed probably from English.,,
11-UT042,11,UT042,0,UT042-0,,,
11-UT043,11,UT043,1,UT043-1,,,20
11-UT044,11,UT044,1,UT044-1,,,21
11-UT045,11,UT045,1,UT045-1,,,22
11-UT046,11,UT046,1,UT046-1,,,23
11-UT047,11,UT047,0,UT047-0,,,
11-UT048,11,UT048,1,UT048-1,,,24
11-UT049,11,UT049,0,UT049-0,,,
11-UT050,11,UT050,1,UT050-1,,,25
11-UT051,11,UT051,0,UT051-0,,,
11-UT052,11,UT052,0,UT052-0,,,
11-UT053,11,UT053,1,UT053-1,,,26
11-UT054,11,UT054,1,UT054-1,,,27
11-UT055,11,UT055,1,UT055-1,,,28
11-UT056,11,UT056,0,UT056-0,,,
11-UT057,11,UT057,0,UT057-0,,,
11-UT058,11,UT058,0,UT058-0,,,
11-UT059,11,UT059,0,UT059-0,,,
11-UT060,11,UT060,1,UT060-1,,,29
11-UT061,11,UT061,0,UT061-0,,,
11-UT062,11,UT062,1,UT062-1,,,30
11-UT063,11,UT063,0,UT063-0,,,
11-UT064,11,UT064,0,UT064-0,,,
11-UT065,11,UT065,0,UT065-0,,,
11-UT066,11,UT066,0,UT066-0,,,31
11-UT067,11,UT067,1,UT067-1,It is possible but the sentence is not neutral anymore.,,32
11-UT068,11,UT068,0,UT068-0,,,
11-UT069,11,UT069,0,UT069-0,,,
11-UT070,11,UT070,0,UT070-0,,,
11-UT071,11,UT071,1,UT071-1,,,33
11-UT072,11,UT072,1,UT072-1,,,34
11-UT073,11,UT073,1,UT073-1,,,35
11-UT074,11,UT074,1,UT074-1,,,36
11-UT075,11,UT075,1,UT075-1,,,37
11-UT076,11,UT076,1,UT076-1,,,38
11-UT077,11,UT077,0,UT077-0,,,
11-UT078,11,UT078,1,UT078-1,The accusative case (-t) is only used with pronouns. ,,39
11-UT079,11,UT079,1,UT079-1,,,40
11-UT080,11,UT080,1,UT080-1,,,41
11-UT081,11,UT081,1,UT081-1,,,42
11-UT082,11,UT082,0,UT082-0,,,
11-UT083,11,UT083,0,UT083-0,,,
11-UT084,11,UT084,1,UT084-1,,,43
11-UT085,11,UT085,0,UT085-0,"In Finnish, prolative (e.g. postitse 'by post') is not counted as a productive case.",,
11-UT086,11,UT086,1,UT086-1,,,44
11-UT087,11,UT087,1,UT087-1,,,45
11-UT088,11,UT088,1,UT088-1,,,46
11-UT089,11,UT089,0,UT089-0,,,
11-UT090,11,UT090,0,UT090-0,,,
11-UT091,11,UT091,1,UT091-1,,,47
11-UT092,11,UT092,0,UT092-0,,,
11-UT093,11,UT093,1,UT093-1,,,48
11-UT094,11,UT094,0,UT094-0,,,
11-UT095,11,UT095,1,UT095-1,"For essive, see UT096.",,49
11-UT096,11,UT096,1,UT096-1,,,50
11-UT097,11,UT097,0,UT097-0,,,
11-UT098,11,UT098,0,UT098-0,,,
11-UT099,11,UT099,0,UT099-0,,,
11-UT100,11,UT100,0,UT100-0,,,
11-UT101,11,UT101,0,UT101-0,,,
11-UT102,11,UT102,0,UT102-0,,,
11-UT103,11,UT103,0,UT103-0,,,
11-UT104,11,UT104,0,UT104-0,,,
11-UT105,11,UT105,0,UT105-0,,,
11-UT106,11,UT106,1,UT106-1,"kuka 'who' is used for humans, mikä 'what' is used for animals, inanimate objects.",,
11-UT107,11,UT107,0,UT107-0,A different relative pronoun is used.,,
11-UT108,11,UT108,0,UT108-0,A different relative pronoun is used.,,
11-UT109,11,UT109,1,UT109-1,In the spoken language it is possible to use se 'it' to mean 's/he'.,,51
11-UT110,11,UT110,1,UT110-1,,,52
11-UT111,11,UT111,1,UT111-1,,,53
11-UT112,11,UT112,0,UT112-0,,,
11-UT113,11,UT113,0,UT113-0,,,
11-UT114,11,UT114,0,UT114-0,There is a difference only for 'young'.,,
11-UT115,11,UT115,0,UT115-0,,,
11-UT116,11,UT116,1,UT116-1,,,54
11-UT117,11,UT117,1,UT117-1,,,55
11-UT118,11,UT118,1,UT118-1,,,56
11-UT119,11,UT119,0,UT119-0,,,
11-UT120,11,UT120,0,UT120-0,,,
11-UT121,11,UT121,1,UT121-1,,,57
11-UT122,11,UT122,1,UT122-1,,,58
11-UT123,11,UT123,0,UT123-0,,,
11-UT124,11,UT124,1,UT124-1,,,59
11-UT125,11,UT125,1,UT125-1,,,60
11-UT126,11,UT126,0,UT126-0,,,
11-UT127,11,UT127,0,UT127-0,,,
11-UT128,11,UT128,1,UT128-1,,,61
11-UT129,11,UT129,0,UT129-0,,,
11-UT130,11,UT130,0,UT130-0,,,
11-UT131,11,UT131,1,UT131-1,,,62
11-UT132,11,UT132,1,UT132-1,,,63
11-UT133,11,UT133,0,UT133-0,,,
11-UT134,11,UT134,0,UT134-0,,,
11-UT135,11,UT135,1,UT135-1,,,64
11-UT136,11,UT136,1,UT136-1,,,65
11-UT137,11,UT137,0,UT137-0,,,
11-UT138,11,UT138,0,UT138-0,,,
11-UT139,11,UT139,0,UT139-0,,,
11-UT140,11,UT140,1,UT140-1,,,66
11-UT141,11,UT141,0,UT141-0,"Only in new loanwords. Cf. e.g. Finnish limppu, North Karelian klimppu.",,
11-UT142,11,UT142,0,UT142-0,,,
11-UT143,11,UT143,1,UT143-1,,,67
11-UT144,11,UT144,1,UT144-1,,,68
11-UT145,11,UT145,0,UT145-0,,,
11-UT146,11,UT146,0,UT146-0,,,
11-UT147,11,UT147,0,UT147-0,,,
11-UT148,11,UT148,0,UT148-0,,,
11-UT149,11,UT149,0,UT149-0,,,
11-UT150,11,UT150,0,UT150-0,,,
11-UT151,11,UT151,1,UT151-1,,,69
11-UT152,11,UT152,0,UT152-0,,,
11-UT153,11,UT153,0,UT153-0,,,
11-UT154,11,UT154,0,UT154-0,,,
11-UT155,11,UT155,1,UT155-1,,,70
11-UT156,11,UT156,0,UT156-0,,,
11-UT157,11,UT157,0,UT157-0,,,
11-UT158,11,UT158,0,UT158-0,,,
11-UT159,11,UT159,1,UT159-1,,,71
11-UT160,11,UT160,0,UT160-0,,,
11-UT161,11,UT161,0,UT161-0,,,
11-UT162,11,UT162,0,UT162-0,,,
11-UT163,11,UT163,0,UT163-0,,,
11-UT164,11,UT164,0,UT164-0,,,
11-UT165,11,UT165,1,UT165-1,,,72
11-UT166,11,UT166,1,UT166-1,,,73
27-UT001,27,UT001,1,UT001-1,,,74
27-UT002,27,UT002,1,UT002-1,,,75
27-UT003,27,UT003,1,UT003-1,In definite conjugation.,,76
27-UT004,27,UT004,0,UT004-0,,,
27-UT005,27,UT005,0,UT005-0,,,
27-UT006,27,UT006,0,UT006-0,,,
27-UT007,27,UT007,1,UT007-1,,,77
27-UT008,27,UT008,1,UT008-1,,,78
27-UT009,27,UT009,0,UT009-0,,,
27-UT010,27,UT010,0,UT010-0,,,
27-UT011,27,UT011,0,UT011-0,,,
27-UT012,27,UT012,0,UT012-0,,,
27-UT013,27,UT013,0,UT013-0,,,
27-UT014,27,UT014,1,UT014-1,,,
27-UT015,27,UT015,0,UT015-0,,,
27-UT016,27,UT016,0,UT016-0,,,
27-UT017,27,UT017,1,UT017-1,,,79
27-UT018,27,UT018,0,UT018-0,,,
27-UT019,27,UT019,1,UT019-1,,,80
27-UT020,27,UT020,0,UT020-0,,,
27-UT021,27,UT021,0,UT021-0,,,
27-UT022,27,UT022,0,UT022-0,,,
27-UT023,27,UT023,0,UT023-0,,,
27-UT024,27,UT024,0,UT024-0,,,
27-UT025,27,UT025,0,UT025-0,,,
27-UT026,27,UT026,0,UT026-0,,,
27-UT027,27,UT027,0,UT027-0,,,
27-UT028,27,UT028,0,UT028-0,,,
27-UT029,27,UT029,0,UT029-0,,,
27-UT030,27,UT030,0,UT030-0,,,
27-UT031,27,UT031,0,UT031-0,,,
27-UT032,27,UT032,0,UT032-0,,,
27-UT033,27,UT033,0,UT033-0,,,
27-UT034,27,UT034,0,UT034-0,,,
27-UT035,27,UT035,0,UT035-0,,,
27-UT036,27,UT036,0,UT036-0,,,
27-UT037,27,UT037,1,UT037-1,,,81
27-UT038,27,UT038,0,UT038-0,,,
27-UT039,27,UT039,0,UT039-0,,,
27-UT040,27,UT040,0,UT040-0,,,
27-UT042,27,UT042,0,UT042-0,,,
27-UT043,27,UT043,1,UT043-1,,,82
27-UT044,27,UT044,1,UT044-1,,,83
27-UT045,27,UT045,0,UT045-0,,,
27-UT046,27,UT046,1,UT046-1,,,84
27-UT047,27,UT047,1,UT047-1,"In certain cases, there is a copula: in nɛŋ-en mil nǫmn wǫʌ (DET woman-2SG cap on.top be.PRS.3SG) ’This woman’s cap is on top’.",,85
27-UT048,27,UT048,1,UT048-1,"In traditional Khanty, coordinating conjunction is rare.",,86
27-UT049,27,UT049,1,UT049-1,,,87
27-UT050,27,UT050,0,UT050-0,,,
27-UT051,27,UT051,1,UT051-1,,,88
27-UT052,27,UT052,0,UT052-0,,,
27-UT053,27,UT053,0,UT053-0,,,
27-UT054,27,UT054,1,UT054-1,,,89
27-UT055,27,UT055,0,UT055-0,,,
27-UT056,27,UT056,0,UT056-0,,,
27-UT057,27,UT057,0,UT057-0,,,
27-UT058,27,UT058,0,UT058-0,,,
27-UT059,27,UT059,0,UT059-0,,,
27-UT060,27,UT060,1,UT060-1,,,90
27-UT061,27,UT061,1,UT061-1,,,91
27-UT062,27,UT062,0,UT062-0,,,
27-UT063,27,UT063,1,UT063-1,,,92
27-UT064,27,UT064,0,UT064-0,,,
27-UT065,27,UT065,0,UT065-0,,,
27-UT066,27,UT066,1,UT066-1,,,93
27-UT067,27,UT067,0,UT067-0,"Usually the negative marker and the main verb are not separated, e.g. ʌapǝtmit săχ-ǝʌ aʌ ɛŋχ-e, …! (seventh fur.coat-3SG NEG.IMP take.on-SG<2SG) ’Don’t take on his seventh fur coat!’.",,
27-UT068,27,UT068,1,UT068-1,,,94
27-UT069,27,UT069,0,UT069-0,,,
27-UT070,27,UT070,0,UT070-0,,,
27-UT071,27,UT071,0,UT071-0,,,
27-UT072,27,UT072,0,UT072-0,,,
27-UT073,27,UT073,1,UT073-1,,,95
27-UT074,27,UT074,0,UT074-0,,,
27-UT075,27,UT075,1,UT075-1,,,96
27-UT076,27,UT076,0,UT076-0,"In the North Khanty nominal paradigm there are only NOM, LOC, LAT cases. Source is expressed with the postposition ewǝʌt 'from', e.g. cf. ŏsǝm iʌpijn 'inside the pillow', ŏsǝm iʌpija 'into the pillow' and ŏsǝm iʌpi ewǝʌt 'from the pillow'.",,
27-UT077,27,UT077,0,UT077-0,,,
27-UT078,27,UT078,1,UT078-1,"In the North Khanty nominal paradigm there are only NOM, LOC, LAT cases (e.g. χɔt ’house.NOM’, χɔt-a 'house-LAT', χɔt-ǝn 'house-LOC). Regarding personal pronouns, there are NOM, ACC, DAT cases.",,97
27-UT079,27,UT079,0,UT079-0,,,
27-UT080,27,UT080,1,UT080-1,,,98
27-UT081,27,UT081,0,UT081-0,,,
27-UT082,27,UT082,0,UT082-0,,,
27-UT083,27,UT083,0,UT083-0,,,
27-UT084,27,UT084,0,UT084-0,,,
27-UT085,27,UT085,0,UT085-0,,,
27-UT086,27,UT086,1,UT086-1,,,99
27-UT087,27,UT087,1,UT087-1,,,100
27-UT088,27,UT088,0,UT088-0,,,
27-UT089,27,UT089,0,UT089-0,,,
27-UT090,27,UT090,0,UT090-0,,,
27-UT091,27,UT091,0,UT091-0,,,
27-UT092,27,UT092,0,UT092-0,,,
27-UT093,27,UT093,0,UT093-0,,,
27-UT094,27,UT094,0,UT094-0,,,
27-UT095,27,UT095,0,UT095-0,,,
27-UT096,27,UT096,0,UT096-0,,,
27-UT097,27,UT097,0,UT097-0,,,
27-UT098,27,UT098,0,UT098-0,,,
27-UT099,27,UT099,0,UT099-0,,,
27-UT100,27,UT100,1,UT100-1,,,101
27-UT101,27,UT101,0,UT101-0,,,
27-UT102,27,UT102,1,UT102-1,,,102
27-UT103,27,UT103,1,UT103-1,,,103
27-UT104,27,UT104,1,UT104-1,,,104
27-UT105,27,UT105,1,UT105-1,,,105
27-UT106,27,UT106,1,UT106-1,,,106
27-UT107,27,UT107,0,UT107-0,,,
27-UT108,27,UT108,0,UT108-0,,,
27-UT109,27,UT109,0,UT109-0,,,
27-UT110,27,UT110,1,UT110-1,stem + possessive suffix + case suffix,,107
27-UT111,27,UT111,1,UT111-1,,,108
27-UT112,27,UT112,1,UT112-1,,,109
27-UT113,27,UT113,1,UT113-1,,,110
27-UT114,27,UT114,1,UT114-1,,,111
27-UT115,27,UT115,0,UT115-0,,,
27-UT116,27,UT116,0,UT116-0,,,
27-UT117,27,UT117,1,UT117-1,"In the Kazym dialect, unlike in other North Khanty  dialects, not only the quantity, but also the quality of the corresponding vowels are different.",,112
27-UT118,27,UT118,0,UT118-0,,,
27-UT119,27,UT119,0,UT119-0,,,
27-UT120,27,UT120,0,UT120-0,,,
27-UT121,27,UT121,1,UT121-1,,,113
27-UT122,27,UT122,1,UT122-1,,,114
27-UT123,27,UT123,0,UT123-0,,,
27-UT124,27,UT124,0,UT124-0,,,
27-UT125,27,UT125,0,UT125-0,,,
27-UT126,27,UT126,1,UT126-1,,,115
27-UT127,27,UT127,0,UT127-0,,,
27-UT128,27,UT128,0,UT128-0,,,
27-UT129,27,UT129,0,UT129-0,,,
27-UT130,27,UT130,0,UT130-0,,,
27-UT131,27,UT131,0,UT131-0,,,
27-UT132,27,UT132,0,UT132-0,,,
27-UT133,27,UT133,1,UT133-1,"In the Kazym dialect, unlike in other North Khanty dialects, not only the quantity, but also the quality of the corresponding vowels are different.",,116
27-UT134,27,UT134,1,UT134-1,,,
27-UT135,27,UT135,0,UT135-0,,,
27-UT136,27,UT136,0,UT136-0,,,
27-UT137,27,UT137,0,UT137-0,,,
27-UT138,27,UT138,0,UT138-0,,,
27-UT139,27,UT139,0,UT139-0,,,
27-UT140,27,UT140,0,UT140-0,"They are allophones, however, they are often differentiated in both the Cyrillic alphabet and in phonetic transcriptions.",,
27-UT141,27,UT141,0,UT141-0,,,
27-UT142,27,UT142,0,UT142-0,,,
27-UT143,27,UT143,0,UT143-0,,,
27-UT144,27,UT144,0,UT144-0,,,
27-UT145,27,UT145,0,UT145-0,,,
27-UT146,27,UT146,0,UT146-0,ť is possible but rare,,
27-UT147,27,UT147,0,UT147-0,,,
27-UT148,27,UT148,0,UT148-0,,,
27-UT149,27,UT149,1,UT149-1,,,117
27-UT150,27,UT150,1,UT150-1,,,118
27-UT151,27,UT151,1,UT151-1,Word-initial ŋ is prohibited.,,119
27-UT152,27,UT152,0,UT152-0,,,
27-UT153,27,UT153,0,UT153-0,,,
27-UT154,27,UT154,1,UT154-1,"In the Kazym Khanty dialect there is a distinction between these two sibilants. However, it is not true of all the northern dialects. In the northernmost one (Obdorsk Khanty), there is no š.",,120
27-UT155,27,UT155,0,UT155-0,,,
27-UT156,27,UT156,0,UT156-0,,,
27-UT157,27,UT157,0,UT157-0,,,
27-UT158,27,UT158,0,UT158-0,,,
27-UT159,27,UT159,0,UT159-0,,,
27-UT160,27,UT160,0,UT160-0,,,
27-UT161,27,UT161,1,UT161-1,,,121
27-UT162,27,UT162,0,UT162-0,,,
27-UT163,27,UT163,0,UT163-0,,,
27-UT164,27,UT164,0,UT164-0,,,
27-UT165,27,UT165,0,UT165-0,,,
27-UT166,27,UT166,0,UT166-0,,,
22-UT001,22,UT001,0,UT001-0,,,
22-UT002,22,UT002,1,UT002-1,,,122
22-UT003,22,UT003,0,UT003-0,,,
22-UT004,22,UT004,0,UT004-0,,,
22-UT005,22,UT005,1,UT005-1,The adnominal property word and the head noun do not show agreement.,,123
22-UT006,22,UT006,0,UT006-0,,,
22-UT007,22,UT007,1,UT007-1,,,124
22-UT008,22,UT008,1,UT008-1,,,125
22-UT009,22,UT009,0,UT009-0,,,
22-UT010,22,UT010,1,UT010-1,Object marking depends on the animateness and definiteness.,,126
22-UT011,22,UT011,0,UT011-0,,,
22-UT012,22,UT012,0,UT012-0,,,
22-UT013,22,UT013,1,UT013-1,,,127
22-UT014,22,UT014,1,UT014-1,,,128
22-UT015,22,UT015,0,UT015-0,,,
22-UT016,22,UT016,1,UT016-1,,,129
22-UT017,22,UT017,1,UT017-1,,,130
22-UT018,22,UT018,0,UT018-0,,,
22-UT019,22,UT019,1,UT019-1,"However, in the case of 3rd person, the verb appears in the future tense.",,131
22-UT020,22,UT020,0,UT020-0,,,
22-UT021,22,UT021,1,UT021-1,,,132
22-UT022,22,UT022,0,UT022-0,,,
22-UT023,22,UT023,1,UT023-1,,,133
22-UT024,22,UT024,0,UT024-0,,,
22-UT025,22,UT025,0,UT025-0,,,
22-UT026,22,UT026,0,UT026-0,The particle эcкьö [eɕkɘ] is used.,,
22-UT027,22,UT027,0,UT027-0,The particle эcкьö [eɕkɘ] is used.,,
22-UT028,22,UT028,0,UT028-0,,,
22-UT029,22,UT029,0,UT029-0,,,
22-UT030,22,UT030,0,UT030-0,,,
22-UT031,22,UT031,0,UT031-0,Usually the particle мед [med] + future form is used.,,
22-UT032,22,UT032,0,UT032-0,,,
22-UT033,22,UT033,0,UT033-0,,,
22-UT034,22,UT034,0,UT034-0,,,
22-UT035,22,UT035,0,UT035-0,,,
22-UT036,22,UT036,0,UT036-0,,,
22-UT037,22,UT037,0,UT037-0,,,
22-UT038,22,UT038,0,UT038-0,,,
22-UT039,22,UT039,1,UT039-1,,,134
22-UT040,22,UT040,1,UT040-1,,,135
22-UT042,22,UT042,1,UT042-1,,,136
22-UT043,22,UT043,1,UT043-1,,,137
22-UT044,22,UT044,1,UT044-1,,,138
22-UT045,22,UT045,0,UT045-0,,,
22-UT046,22,UT046,1,UT046-1,,,139
22-UT047,22,UT047,1,UT047-1,,,140
22-UT048,22,UT048,0,UT048-0,,,
22-UT049,22,UT049,1,UT049-1,,,141
22-UT050,22,UT050,1,UT050-1,,,142
22-UT051,22,UT051,0,UT051-0,,,
22-UT052,22,UT052,1,UT052-1,The negative participle -тöм [-tɘm] and the negative converb тöг [-tɘg] are used.,,143
22-UT053,22,UT053,1,UT053-1,,,144
22-UT054,22,UT054,0,UT054-0,,,
22-UT055,22,UT055,1,UT055-1,,,145
22-UT056,22,UT056,0,UT056-0,,,
22-UT057,22,UT057,1,UT057-1,,,146
22-UT058,22,UT058,1,UT058-1,,,147
22-UT059,22,UT059,0,UT059-0,,,
22-UT060,22,UT060,0,UT060-0,,,
22-UT061,22,UT061,0,UT061-0,The genitive is used.,,
22-UT062,22,UT062,0,UT062-0,,,
22-UT063,22,UT063,1,UT063-1,,,148
22-UT064,22,UT064,1,UT064-1,,,149
22-UT065,22,UT065,1,UT065-1,"The converb in -ана [-ana] is relatively new in Komi, and it is more used in literature.",,150
22-UT066,22,UT066,1,UT066-1,,,151
22-UT067,22,UT067,1,UT067-1,,,152
22-UT068,22,UT068,0,UT068-0,,,
22-UT069,22,UT069,0,UT069-0,,,
22-UT070,22,UT070,1,UT070-1,,,153
22-UT071,22,UT071,0,UT071-0,,,
22-UT072,22,UT072,1,UT072-1,,,154
22-UT073,22,UT073,1,UT073-1,,,155
22-UT074,22,UT074,1,UT074-1,,,156
22-UT075,22,UT075,1,UT075-1,,,157
22-UT076,22,UT076,1,UT076-1,,,158
22-UT077,22,UT077,1,UT077-1,,,159
22-UT078,22,UT078,0,UT078-0,,,
22-UT079,22,UT079,0,UT079-0,,,
22-UT080,22,UT080,1,UT080-1,,,160
22-UT081,22,UT081,1,UT081-1,,,161
22-UT082,22,UT082,1,UT082-1,,,162
22-UT083,22,UT083,1,UT083-1,,,163
22-UT084,22,UT084,1,UT084-1,,,164
22-UT085,22,UT085,1,UT085-1,,,165
22-UT086,22,UT086,1,UT086-1,,,166
22-UT087,22,UT087,1,UT087-1,,,167
22-UT088,22,UT088,1,UT088-1,,,168
22-UT089,22,UT089,1,UT089-1,There is syncretism in the possessive declention.,,169
22-UT090,22,UT090,0,UT090-0,,,
22-UT091,22,UT091,1,UT091-1,,,170
22-UT092,22,UT092,0,UT092-0,"There are only cases, which do not form a set.",,
22-UT093,22,UT093,1,UT093-1,,,171
22-UT094,22,UT094,1,UT094-1,,,172
22-UT095,22,UT095,0,UT095-0,"Either the instrumental or nominative case is used.
",,
22-UT096,22,UT096,0,UT096-0,,,
22-UT097,22,UT097,0,UT097-0,,,
22-UT098,22,UT098,0,UT098-0,,,
22-UT099,22,UT099,0,UT099-0,There is possessive declination.,,
22-UT100,22,UT100,1,UT100-1,,,173
22-UT101,22,UT101,1,UT101-1,,,174
22-UT102,22,UT102,1,UT102-1,,,175
22-UT103,22,UT103,0,UT103-0,,,
22-UT104,22,UT104,1,UT104-1,,,176
22-UT105,22,UT105,1,UT105-1,,,177
22-UT106,22,UT106,1,UT106-1,,,178
22-UT107,22,UT107,1,UT107-1,,,179
22-UT108,22,UT108,1,UT108-1,,,180
22-UT109,22,UT109,1,UT109-1,,,181
22-UT110,22,UT110,0,UT110-0,The order is not fixed (it depends on a case).,,
22-UT111,22,UT111,1,UT111-1,,,182
22-UT112,22,UT112,1,UT112-1,,,183
22-UT113,22,UT113,1,UT113-1,,,184
22-UT114,22,UT114,1,UT114-1,,,185
22-UT115,22,UT115,1,UT115-1,,,186
22-UT116,22,UT116,0,UT116-0,,,
22-UT117,22,UT117,0,UT117-0,,,
22-UT118,22,UT118,0,UT118-0,,,
22-UT119,22,UT119,0,UT119-0,,,
22-UT120,22,UT120,0,UT120-0,,,
22-UT121,22,UT121,0,UT121-0,,,
22-UT122,22,UT122,1,UT122-1,,,187
22-UT123,22,UT123,0,UT123-0,,,
22-UT124,22,UT124,0,UT124-0,Only in some dialects.,,
22-UT125,22,UT125,0,UT125-0,,,
22-UT126,22,UT126,0,UT126-0,,,
22-UT127,22,UT127,0,UT127-0,,,
22-UT128,22,UT128,0,UT128-0,,,
22-UT129,22,UT129,0,UT129-0,,,
22-UT130,22,UT130,0,UT130-0,,,
22-UT131,22,UT131,0,UT131-0,,,
22-UT132,22,UT132,0,UT132-0,,,
22-UT133,22,UT133,0,UT133-0,,,
22-UT134,22,UT134,0,UT134-0,,,
22-UT135,22,UT135,0,UT135-0,,,
22-UT136,22,UT136,0,UT136-0,,,
22-UT137,22,UT137,1,UT137-1,,,188
22-UT138,22,UT138,1,UT138-1,,,189
22-UT139,22,UT139,0,UT139-0,,,
22-UT140,22,UT140,0,UT140-0,,,
22-UT141,22,UT141,1,UT141-1,Only in loan words and descriptive words.,,190
22-UT142,22,UT142,0,UT142-0,,,
22-UT143,22,UT143,1,UT143-1,,,191
22-UT144,22,UT144,1,UT144-1,,,192
22-UT145,22,UT145,0,UT145-0,,,
22-UT146,22,UT146,0,UT146-0,,,
22-UT147,22,UT147,0,UT147-0,,,
22-UT148,22,UT148,1,UT148-1,,,193
22-UT149,22,UT149,1,UT149-1,,,194
22-UT150,22,UT150,1,UT150-1,,,195
22-UT151,22,UT151,0,UT151-0,,,
22-UT152,22,UT152,0,UT152-0,"Only in new loanwords, e.g. цемент [t͡sement] 'cement'.",,
22-UT153,22,UT153,1,UT153-1,,,196
22-UT154,22,UT154,1,UT154-1,,,197
22-UT155,22,UT155,1,UT155-1,,,198
22-UT156,22,UT156,0,UT156-0,,,
22-UT157,22,UT157,0,UT157-0,,,
22-UT158,22,UT158,0,UT158-0,,,
22-UT159,22,UT159,0,UT159-0,,,
22-UT160,22,UT160,0,UT160-0,,,
22-UT161,22,UT161,0,UT161-0,"Only in new loanwords, e.g. вахта [vɑхtɑ] 'watch'.",,
22-UT162,22,UT162,0,UT162-0,,,
22-UT163,22,UT163,0,UT163-0,,,
22-UT164,22,UT164,0,UT164-0,"Only in new loanwords, e.g. фен [fen] 'blow dryer'.",,
22-UT165,22,UT165,0,UT165-0,,,
22-UT166,22,UT166,0,UT166-0,,,
14-UT001,14,UT001,1,UT001-1,,,199
14-UT002,14,UT002,1,UT002-1,"Dual is not marked on nominals (other than personal pronouns, reflexive pronouns and reciprocal pronouns). Dual is however marked on verbs, meaning that a subject in the plural may combine with a predicate in the dual.",,200
14-UT003,14,UT003,0,UT003-0,,,
14-UT004,14,UT004,0,UT004-0,,,
14-UT005,14,UT005,0,UT005-0,,,
14-UT006,14,UT006,0,UT006-0,,,
14-UT007,14,UT007,1,UT007-1,,,201
14-UT008,14,UT008,0,UT008-0,,,
14-UT009,14,UT009,0,UT009-0,,,
14-UT010,14,UT010,0,UT010-0,,,
14-UT011,14,UT011,0,UT011-0,,,
14-UT012,14,UT012,0,UT012-0,,,
14-UT013,14,UT013,0,UT013-0,,,
14-UT014,14,UT014,1,UT014-1,,,202
14-UT015,14,UT015,0,UT015-0,,,
14-UT016,14,UT016,0,UT016-0,,,
14-UT017,14,UT017,1,UT017-1,"There are several derivational suffixes, e.g. -addat.",,203
14-UT018,14,UT018,1,UT018-1,,,204
14-UT019,14,UT019,1,UT019-1,,,205
14-UT020,14,UT020,0,UT020-0,,,
14-UT021,14,UT021,1,UT021-1,,,206
14-UT022,14,UT022,0,UT022-0,,,
14-UT023,14,UT023,1,UT023-1,"However, that this does not apply to all dialects.",,207
14-UT024,14,UT024,0,UT024-0,,,
14-UT025,14,UT025,0,UT025-0,,,
14-UT026,14,UT026,0,UT026-0,"There is a conditional marker lulu- which is used with the infinitive (or perfect participle) of a verb (e.g. luluv låhkåt COND.1SG read.INF 'I would read'). However, this marker is probably best analyzed as a defective verb, and is hence not considered ""morphological marking"" here.",,
14-UT027,14,UT027,1,UT027-1,The conditional can be used in counterfactual conditional clauses (cf. however UT026).,,208
14-UT028,14,UT028,0,UT028-0,,,
14-UT029,14,UT029,1,UT029-1,,,209
14-UT030,14,UT030,0,UT030-0,,,
14-UT031,14,UT031,1,UT031-1,There is the third person imperative.,,210
14-UT032,14,UT032,0,UT032-0,,,
14-UT033,14,UT033,0,UT033-0,,,
14-UT034,14,UT034,0,UT034-0,,,
14-UT035,14,UT035,0,UT035-0,,,
14-UT036,14,UT036,0,UT036-0,,,
14-UT037,14,UT037,0,UT037-0,,,
14-UT038,14,UT038,0,UT038-0,,,
14-UT039,14,UT039,1,UT039-1,,,211
14-UT040,14,UT040,1,UT040-1,,,212
14-UT042,14,UT042,0,UT042-0,,,
14-UT043,14,UT043,1,UT043-1,,,213
14-UT044,14,UT044,1,UT044-1,,,214
14-UT045,14,UT045,1,UT045-1,,,215
14-UT046,14,UT046,1,UT046-1,,,216
14-UT047,14,UT047,0,UT047-0,,,
14-UT048,14,UT048,1,UT048-1,"ja 'and' is used for NPs, VPs and clauses",,
14-UT049,14,UT049,0,UT049-0,,,
14-UT050,14,UT050,1,UT050-1,,,217
14-UT051,14,UT051,0,UT051-0,,,
14-UT052,14,UT052,0,UT052-0,,,
14-UT053,14,UT053,1,UT053-1,The abessive form of the verb can be used.,,218
14-UT054,14,UT054,0,UT054-0,,,
14-UT055,14,UT055,1,UT055-1,"For example, the present participle is specialized to relativize S/A arguments.",,219
14-UT056,14,UT056,0,UT056-0,,,
14-UT057,14,UT057,0,UT057-0,,,
14-UT058,14,UT058,0,UT058-0,,,
14-UT059,14,UT059,0,UT059-0,,,
14-UT060,14,UT060,0,UT060-0,,,
14-UT061,14,UT061,0,UT061-0,,,
14-UT062,14,UT062,0,UT062-0,,,
14-UT063,14,UT063,1,UT063-1,,,220
14-UT064,14,UT064,1,UT064-1,,,221
14-UT065,14,UT065,0,UT065-0,,,
14-UT066,14,UT066,0,UT066-0,,,222
14-UT067,14,UT067,1,UT067-1,,,223
14-UT068,14,UT068,0,UT068-0,,,
14-UT069,14,UT069,0,UT069-0,,,
14-UT070,14,UT070,0,UT070-0,,,
14-UT071,14,UT071,0,UT071-0,,,
14-UT072,14,UT072,0,UT072-0,,,
14-UT073,14,UT073,1,UT073-1,,,224
14-UT074,14,UT074,1,UT074-1,,,225
14-UT075,14,UT075,1,UT075-1,"Adpositions can have person/number marking, but this is optional and infrequent.",,226
14-UT076,14,UT076,1,UT076-1,,,227
14-UT077,14,UT077,0,UT077-0,,,
14-UT078,14,UT078,0,UT078-0,,,
14-UT079,14,UT079,1,UT079-1,"In a NP in the nominative, a noun following a numeral higher than 1 is usually analyzed as being in the genitive singular. However, from a synchronic perspective, the genitive singular and nominative plural are syncretic, meaning that an analysis of bárne as boy.NOM.PL would be equally valid.",,228
14-UT080,14,UT080,1,UT080-1,,,229
14-UT081,14,UT081,0,UT081-0,,,
14-UT082,14,UT082,0,UT082-0,,,
14-UT083,14,UT083,0,UT083-0,,,
14-UT084,14,UT084,1,UT084-1,,,230
14-UT085,14,UT085,0,UT085-0,,,
14-UT086,14,UT086,1,UT086-1,,,231
14-UT087,14,UT087,1,UT087-1,,,232
14-UT088,14,UT088,1,UT088-1,,,233
14-UT089,14,UT089,0,UT089-0,,,
14-UT090,14,UT090,0,UT090-0,,,
14-UT091,14,UT091,0,UT091-0,,,
14-UT092,14,UT092,0,UT092-0,,,
14-UT093,14,UT093,1,UT093-1,,,234
14-UT094,14,UT094,0,UT094-0,,,
14-UT095,14,UT095,1,UT095-1,,,235
14-UT096,14,UT096,0,UT096-0,,,
14-UT097,14,UT097,0,UT097-0,,,
14-UT098,14,UT098,0,UT098-0,,,
14-UT099,14,UT099,0,UT099-0,,,
14-UT100,14,UT100,0,UT100-0,,,
14-UT101,14,UT101,0,UT101-0,,,
14-UT102,14,UT102,0,UT102-0,,,
14-UT103,14,UT103,1,UT103-1,,,236
14-UT104,14,UT104,0,UT104-0,,,
14-UT105,14,UT105,0,UT105-0,,,
14-UT106,14,UT106,1,UT106-1,,,237
14-UT107,14,UT107,0,UT107-0,,,
14-UT108,14,UT108,0,UT108-0,,,
14-UT109,14,UT109,1,UT109-1,,,238
14-UT110,14,UT110,1,UT110-1,The order is stem + case + px.,,239
14-UT111,14,UT111,1,UT111-1,The order is stem + number + case.,,240
14-UT112,14,UT112,1,UT112-1,,,241
14-UT113,14,UT113,1,UT113-1,"Standard Lule Saami reveals such distinction. In some varieties however, no age distinction is made.",,242
14-UT114,14,UT114,1,UT114-1,,,243
14-UT115,14,UT115,0,UT115-0,,,
14-UT116,14,UT116,1,UT116-1,,,244
14-UT117,14,UT117,1,UT117-1,,,245
14-UT118,14,UT118,1,UT118-1,,,246
14-UT119,14,UT119,1,UT119-1,,,247
14-UT120,14,UT120,1,UT120-1,,,248
14-UT121,14,UT121,1,UT121-1,,,249
14-UT122,14,UT122,1,UT122-1,,,250
14-UT123,14,UT123,0,UT123-0,,,
14-UT124,14,UT124,1,UT124-1,"A few derivational affixes carry stress, e.g. the inchoative -goahtet.",,251
14-UT125,14,UT125,1,UT125-1,,,252
14-UT126,14,UT126,0,UT126-0,,,
14-UT127,14,UT127,0,UT127-0,,,
14-UT128,14,UT128,0,UT128-0,,,
14-UT129,14,UT129,0,UT129-0,,,
14-UT130,14,UT130,0,UT130-0,,,
14-UT131,14,UT131,0,UT131-0,,,
14-UT132,14,UT132,1,UT132-1,,,253
14-UT133,14,UT133,0,UT133-0,,,
14-UT134,14,UT134,0,UT134-0,,,
14-UT135,14,UT135,0,UT135-0,,,
14-UT136,14,UT136,0,UT136-0,,,
14-UT137,14,UT137,0,UT137-0,,,
14-UT138,14,UT138,0,UT138-0,,,
14-UT139,14,UT139,0,UT139-0,,,
14-UT140,14,UT140,0,UT140-0,"There is a phonetic contrast between [æ] and [e], but there is no phonological opposition as they are in complementary distribution, e.g. [e] in germaj snake.NOM.SG vs. [æ] in gärmmaha snake.GEN.SG can be analysed as allophones of the same phoneme.",,
14-UT141,14,UT141,1,UT141-1,,,254
14-UT142,14,UT142,1,UT142-1,,,255
14-UT143,14,UT143,1,UT143-1,,,256
14-UT144,14,UT144,1,UT144-1,,,257
14-UT145,14,UT145,0,UT145-0,,,
14-UT146,14,UT146,0,UT146-0,,,
14-UT147,14,UT147,0,UT147-0,,,
14-UT148,14,UT148,0,UT148-0,,,
14-UT149,14,UT149,1,UT149-1,Cf. nuorra /nuorra/ 'young'.,,258
14-UT150,14,UT150,0,UT150-0,,,
14-UT151,14,UT151,1,UT151-1,Cf. manen /manien/ 'why'.,,259
14-UT152,14,UT152,1,UT152-1,,,260
14-UT153,14,UT153,1,UT153-1,,,261
14-UT154,14,UT154,1,UT154-1,,,262
14-UT155,14,UT155,1,UT155-1,,,263
14-UT156,14,UT156,0,UT156-0,,,
14-UT157,14,UT157,0,UT157-0,,,
14-UT158,14,UT158,0,UT158-0,,,
14-UT159,14,UT159,1,UT159-1,,,264
14-UT160,14,UT160,0,UT160-0,,,
14-UT161,14,UT161,0,UT161-0,,,
14-UT162,14,UT162,0,UT162-0,,,
14-UT163,14,UT163,0,UT163-0,,,
14-UT164,14,UT164,1,UT164-1,,,265
14-UT165,14,UT165,1,UT165-1,,,266
14-UT166,14,UT166,1,UT166-1,,,267
11-GB020,11,GB020,0,GB020-0,,,
11-GB021,11,GB021,0,GB021-0,,,
11-GB022,11,GB022,0,GB022-0,,,
11-GB023,11,GB023,0,GB023-0,,,
11-GB024,11,GB024,1,GB024-1,,,
11-GB025,11,GB025,1,GB025-1,,,
11-GB026,11,GB026,0,GB026-0,,,
11-GB027,11,GB027,1,GB027-1,,,
11-GB028,11,GB028,0,GB028-0,,,
11-GB030,11,GB030,0,GB030-0,,,
11-GB031,11,GB031,0,GB031-0,,,
11-GB035,11,GB035,0,GB035-0,,,
11-GB036,11,GB036,0,GB036-0,,,
11-GB037,11,GB037,0,GB037-0,,,
11-GB038,11,GB038,0,GB038-0,,,
11-GB039,11,GB039,0,GB039-0,,,
11-GB041,11,GB041,0,GB041-0,,,
11-GB042,11,GB042,0,GB042-0,,,
11-GB043,11,GB043,0,GB043-0,,,
11-GB044,11,GB044,1,GB044-1,,,
11-GB046,11,GB046,0,GB046-0,,,
11-GB047,11,GB047,1,GB047-1,,,
11-GB048,11,GB048,1,GB048-1,,,
11-GB049,11,GB049,1,GB049-1,,,
11-GB051,11,GB051,0,GB051-0,,,
11-GB052,11,GB052,0,GB052-0,,,
11-GB053,11,GB053,0,GB053-0,,,
11-GB054,11,GB054,0,GB054-0,,,
11-GB057,11,GB057,0,GB057-0,,,
11-GB058,11,GB058,0,GB058-0,,,
11-GB059,11,GB059,0,GB059-0,,,
11-GB065,11,GB065,1,GB065-1,,,
11-GB068,11,GB068,0,GB068-0,,,
11-GB069,11,GB069,0,GB069-0,,,
11-GB070,11,GB070,1,GB070-1,,,
11-GB071,11,GB071,1,GB071-1,,,
11-GB072,11,GB072,1,GB072-1,,,
11-GB073,11,GB073,1,GB073-1,,,
11-GB074,11,GB074,1,GB074-1,,,
11-GB075,11,GB075,1,GB075-1,,,
11-GB079,11,GB079,0,GB079-0,,,
11-GB080,11,GB080,1,GB080-1,,,
11-GB081,11,GB081,0,GB081-0,,,
11-GB082,11,GB082,0,GB082-0,,,
11-GB083,11,GB083,1,GB083-1,,,
11-GB084,11,GB084,0,GB084-0,,,
11-GB086,11,GB086,0,GB086-0,,,
11-GB089,11,GB089,1,GB089-1,,,
11-GB090,11,GB090,0,GB090-0,,,
11-GB091,11,GB091,1,GB091-1,,,
11-GB092,11,GB092,0,GB092-0,,,
11-GB093,11,GB093,0,GB093-0,,,
11-GB094,11,GB094,0,GB094-0,,,
11-GB095,11,GB095,0,GB095-0,,,
11-GB096,11,GB096,0,GB096-0,,,
11-GB098,11,GB098,0,GB098-0,,,
11-GB099,11,GB099,0,GB099-0,,,
11-GB103,11,GB103,0,GB103-0,,,
11-GB104,11,GB104,0,GB104-0,,,
11-GB105,11,GB105,0,GB105-0,,,
11-GB107,11,GB107,0,GB107-0,,,
11-GB108,11,GB108,0,GB108-0,,,
11-GB109,11,GB109,0,GB109-0,,,
11-GB110,11,GB110,0,GB110-0,,,
11-GB111,11,GB111,1,GB111-1,,,
11-GB113,11,GB113,1,GB113-1,,,
11-GB114,11,GB114,1,GB114-1,,,
11-GB115,11,GB115,0,GB115-0,,,
11-GB116,11,GB116,0,GB116-0,,,
11-GB117,11,GB117,1,GB117-1,,,
11-GB118,11,GB118,0,GB118-0,,,
11-GB119,11,GB119,0,GB119-0,,,
11-GB120,11,GB120,0,GB120-0,,,
11-GB121,11,GB121,1,GB121-1,,,
11-GB122,11,GB122,0,GB122-0,,,
11-GB123,11,GB123,0,GB123-0,,,
11-GB124,11,GB124,0,GB124-0,,,
11-GB126,11,GB126,0,GB126-0,,,
11-GB127,11,GB127,0,GB127-0,,,
11-GB129,11,GB129,0,GB129-0,,,
11-GB130,11,GB130,1,GB130-1,,,
11-GB131,11,GB131,0,GB131-0,,,
11-GB132,11,GB132,1,GB132-1,,,
11-GB133,11,GB133,0,GB133-0,,,
11-GB134,11,GB134,1,GB134-1,,,
11-GB135,11,GB135,1,GB135-1,,,
11-GB136,11,GB136,1,GB136-1,,,
11-GB137,11,GB137,0,GB137-0,,,
11-GB138,11,GB138,1,GB138-1,,,
11-GB139,11,GB139,1,GB139-1,,,
11-GB140,11,GB140,0,GB140-0,,,
11-GB146,11,GB146,0,GB146-0,,,
11-GB147,11,GB147,1,GB147-1,,,
11-GB148,11,GB148,0,GB148-0,,,
11-GB149,11,GB149,0,GB149-0,,,
11-GB150,11,GB150,0,GB150-0,,,
11-GB151,11,GB151,0,GB151-0,,,
11-GB152,11,GB152,0,GB152-0,,,
11-GB155,11,GB155,1,GB155-1,,,
11-GB156,11,GB156,0,GB156-0,,,
11-GB158,11,GB158,0,GB158-0,,,
11-GB159,11,GB159,1,GB159-1,,,
11-GB160,11,GB160,0,GB160-0,,,
11-GB165,11,GB165,0,GB165-0,,,
11-GB166,11,GB166,0,GB166-0,,,
11-GB167,11,GB167,1,GB167-1,,,
11-GB170,11,GB170,0,GB170-0,,,
11-GB171,11,GB171,0,GB171-0,,,
11-GB172,11,GB172,0,GB172-0,,,
11-GB177,11,GB177,0,GB177-0,,,
11-GB184,11,GB184,1,GB184-1,,,
11-GB185,11,GB185,1,GB185-1,,,
11-GB186,11,GB186,0,GB186-0,,,
11-GB187,11,GB187,1,GB187-1,,,
11-GB188,11,GB188,0,GB188-0,,,
11-GB192,11,GB192,0,GB192-0,,,
11-GB193,11,GB193,1,GB193-1,,,
11-GB196,11,GB196,0,GB196-0,,,
11-GB197,11,GB197,0,GB197-0,,,
11-GB198,11,GB198,0,GB198-0,,,
11-GB203,11,GB203,1,GB203-1,,,
11-GB204,11,GB204,1,GB204-1,,,
11-GB250,11,GB250,0,GB250-0,,,
11-GB252,11,GB252,1,GB252-1,,,
11-GB253,11,GB253,0,GB253-0,,,
11-GB254,11,GB254,0,GB254-0,,,
11-GB256,11,GB256,0,GB256-0,,,
11-GB257,11,GB257,0,GB257-0,,,
11-GB260,11,GB260,0,GB260-0,,,
11-GB262,11,GB262,0,GB262-0,,,
11-GB263,11,GB263,0,GB263-0,,,
11-GB264,11,GB264,1,GB264-1,,,
11-GB265,11,GB265,0,GB265-0,,,
11-GB266,11,GB266,0,GB266-0,,,
11-GB270,11,GB270,0,GB270-0,,,
11-GB273,11,GB273,1,GB273-1,,,
11-GB275,11,GB275,1,GB275-1,,,
11-GB276,11,GB276,0,GB276-0,,,
11-GB285,11,GB285,0,GB285-0,,,
11-GB286,11,GB286,0,GB286-0,,,
11-GB291,11,GB291,0,GB291-0,,,
11-GB296,11,GB296,0,GB296-0,,,
11-GB297,11,GB297,0,GB297-0,,,
11-GB298,11,GB298,1,GB298-1,,,
11-GB299,11,GB299,0,GB299-0,,,
11-GB300,11,GB300,0,GB300-0,,,
11-GB301,11,GB301,1,GB301-1,,,
11-GB302,11,GB302,0,GB302-0,,,
11-GB303,11,GB303,0,GB303-0,,,
11-GB304,11,GB304,0,GB304-0,,,
11-GB305,11,GB305,1,GB305-1,,,
11-GB306,11,GB306,1,GB306-1,,,
11-GB309,11,GB309,0,GB309-0,,,
11-GB312,11,GB312,1,GB312-1,,,
11-GB313,11,GB313,0,GB313-0,,,
11-GB314,11,GB314,0,GB314-0,,,
11-GB315,11,GB315,0,GB315-0,,,
11-GB316,11,GB316,0,GB316-0,,,
11-GB317,11,GB317,0,GB317-0,,,
11-GB318,11,GB318,0,GB318-0,,,
11-GB319,11,GB319,0,GB319-0,,,
11-GB320,11,GB320,0,GB320-0,,,
11-GB321,11,GB321,0,GB321-0,,,
11-GB322,11,GB322,0,GB322-0,,,
11-GB323,11,GB323,0,GB323-0,,,
11-GB324,11,GB324,0,GB324-0,,,
11-GB325,11,GB325,1,GB325-1,,,
11-GB326,11,GB326,0,GB326-0,,,
11-GB327,11,GB327,1,GB327-1,,,
11-GB328,11,GB328,0,GB328-0,,,
11-GB329,11,GB329,0,GB329-0,,,
11-GB330,11,GB330,0,GB330-0,,,
11-GB331,11,GB331,0,GB331-0,,,
11-GB333,11,GB333,1,GB333-1,,,
11-GB334,11,GB334,0,GB334-0,,,
11-GB335,11,GB335,0,GB335-0,,,
11-GB336,11,GB336,0,GB336-0,,,
11-GB400,11,GB400,0,GB400-0,,,
11-GB401,11,GB401,0,GB401-0,,,
11-GB402,11,GB402,0,GB402-0,,,
11-GB403,11,GB403,0,GB403-0,,,
11-GB408,11,GB408,1,GB408-1,,,
11-GB409,11,GB409,0,GB409-0,,,
11-GB410,11,GB410,0,GB410-0,,,
11-GB415,11,GB415,1,GB415-1,,,
11-GB421,11,GB421,1,GB421-1,,,
11-GB422,11,GB422,0,GB422-0,,,
11-GB430,11,GB430,0,GB430-0,,,
11-GB431,11,GB431,0,GB431-0,,,
11-GB432,11,GB432,1,GB432-1,,,
11-GB433,11,GB433,1,GB433-1,,,
11-GB519,11,GB519,0,GB519-0,,,
11-GB520,11,GB520,0,GB520-0,,,
11-GB521,11,GB521,0,GB521-0,,,
11-GB522,11,GB522,1,GB522-1,,,
14-GB020,14,GB020,0,GB020-0,,,
14-GB021,14,GB021,0,GB021-0,,,
14-GB022,14,GB022,0,GB022-0,,,
14-GB023,14,GB023,0,GB023-0,,,
14-GB024,14,GB024,1,GB024-1,,,
14-GB025,14,GB025,1,GB025-1,,,
14-GB026,14,GB026,0,GB026-0,,,
14-GB027,14,GB027,1,GB027-1,,,
14-GB028,14,GB028,0,GB028-0,,,
14-GB030,14,GB030,0,GB030-0,,,
14-GB031,14,GB031,1,GB031-1,,,
14-GB035,14,GB035,1,GB035-1,,,
14-GB036,14,GB036,0,GB036-0,,,
14-GB037,14,GB037,0,GB037-0,,,
14-GB038,14,GB038,0,GB038-0,,,
14-GB039,14,GB039,0,GB039-0,,,
14-GB041,14,GB041,0,GB041-0,,,
14-GB042,14,GB042,0,GB042-0,,,
14-GB043,14,GB043,0,GB043-0,,,
14-GB044,14,GB044,0,GB044-0,,,
14-GB046,14,GB046,0,GB046-0,,,
14-GB047,14,GB047,1,GB047-1,,,
14-GB048,14,GB048,1,GB048-1,,,
14-GB049,14,GB049,1,GB049-1,,,
14-GB051,14,GB051,0,GB051-0,,,
14-GB052,14,GB052,0,GB052-0,,,
14-GB053,14,GB053,0,GB053-0,,,
14-GB054,14,GB054,0,GB054-0,,,
14-GB057,14,GB057,0,GB057-0,,,
14-GB058,14,GB058,0,GB058-0,,,
14-GB059,14,GB059,0,GB059-0,,,
14-GB065,14,GB065,1,GB065-1,,,
14-GB068,14,GB068,0,GB068-0,,,
14-GB069,14,GB069,0,GB069-0,,,
14-GB070,14,GB070,1,GB070-1,,,
14-GB071,14,GB071,1,GB071-1,,,
14-GB072,14,GB072,1,GB072-1,,,
14-GB073,14,GB073,1,GB073-1,,,
14-GB074,14,GB074,1,GB074-1,,,
14-GB075,14,GB075,1,GB075-1,,,
14-GB079,14,GB079,0,GB079-0,,,
14-GB080,14,GB080,1,GB080-1,,,
14-GB081,14,GB081,0,GB081-0,,,
14-GB082,14,GB082,0,GB082-0,,,
14-GB083,14,GB083,0,GB083-0,,,
14-GB084,14,GB084,0,GB084-0,,,
14-GB086,14,GB086,0,GB086-0,,,
14-GB089,14,GB089,1,GB089-1,,,
14-GB090,14,GB090,0,GB090-0,,,
14-GB091,14,GB091,1,GB091-1,,,
14-GB092,14,GB092,0,GB092-0,,,
14-GB093,14,GB093,0,GB093-0,,,
14-GB094,14,GB094,0,GB094-0,,,
14-GB095,14,GB095,0,GB095-0,,,
14-GB096,14,GB096,0,GB096-0,,,
14-GB098,14,GB098,0,GB098-0,,,
14-GB099,14,GB099,1,GB099-1,,,
14-GB103,14,GB103,0,GB103-0,,,
14-GB104,14,GB104,0,GB104-0,,,
14-GB105,14,GB105,0,GB105-0,,,
14-GB107,14,GB107,0,GB107-0,,,
14-GB108,14,GB108,0,GB108-0,,,
14-GB109,14,GB109,0,GB109-0,,,
14-GB110,14,GB110,0,GB110-0,,,
14-GB111,14,GB111,1,GB111-1,,,
14-GB113,14,GB113,1,GB113-1,,,
14-GB114,14,GB114,1,GB114-1,,,
14-GB115,14,GB115,1,GB115-1,,,
14-GB116,14,GB116,0,GB116-0,,,
14-GB117,14,GB117,1,GB117-1,,,
14-GB118,14,GB118,0,GB118-0,,,
14-GB119,14,GB119,1,GB119-1,,,
14-GB120,14,GB120,0,GB120-0,,,
14-GB121,14,GB121,1,GB121-1,,,
14-GB122,14,GB122,0,GB122-0,,,
14-GB123,14,GB123,0,GB123-0,,,
14-GB124,14,GB124,0,GB124-0,,,
14-GB126,14,GB126,1,GB126-1,,,
14-GB127,14,GB127,0,GB127-0,,,
14-GB129,14,GB129,0,GB129-0,,,
14-GB130,14,GB130,1,GB130-1,,,
14-GB131,14,GB131,0,GB131-0,,,
14-GB132,14,GB132,1,GB132-1,,,
14-GB133,14,GB133,0,GB133-0,,,
14-GB134,14,GB134,1,GB134-1,,,
14-GB135,14,GB135,1,GB135-1,,,
14-GB136,14,GB136,0,GB136-0,,,
14-GB137,14,GB137,0,GB137-0,,,
14-GB138,14,GB138,0,GB138-0,,,
14-GB139,14,GB139,1,GB139-1,,,
14-GB140,14,GB140,1,GB140-1,,,
14-GB146,14,GB146,0,GB146-0,,,
14-GB147,14,GB147,1,GB147-1,,,
14-GB148,14,GB148,0,GB148-0,,,
14-GB149,14,GB149,0,GB149-0,,,
14-GB150,14,GB150,0,GB150-0,,,
14-GB151,14,GB151,0,GB151-0,,,
14-GB152,14,GB152,1,GB152-1,,,
14-GB155,14,GB155,1,GB155-1,,,
14-GB156,14,GB156,0,GB156-0,,,
14-GB158,14,GB158,0,GB158-0,,,
14-GB159,14,GB159,0,GB159-0,,,
14-GB160,14,GB160,0,GB160-0,,,
14-GB165,14,GB165,0,GB165-0,,,
14-GB166,14,GB166,0,GB166-0,,,
14-GB167,14,GB167,0,GB167-0,,,
14-GB170,14,GB170,0,GB170-0,,,
14-GB171,14,GB171,0,GB171-0,,,
14-GB172,14,GB172,0,GB172-0,,,
14-GB177,14,GB177,0,GB177-0,,,
14-GB184,14,GB184,0,GB184-0,,,
14-GB185,14,GB185,1,GB185-1,,,
14-GB186,14,GB186,0,GB186-0,,,
14-GB187,14,GB187,1,GB187-1,,,
14-GB188,14,GB188,0,GB188-0,,,
14-GB192,14,GB192,0,GB192-0,,,
14-GB193,14,GB193,1,GB193-1,,,
14-GB196,14,GB196,0,GB196-0,,,
14-GB197,14,GB197,0,GB197-0,,,
14-GB198,14,GB198,0,GB198-0,,,
14-GB203,14,GB203,1,GB203-1,,,
14-GB204,14,GB204,1,GB204-1,,,
14-GB250,14,GB250,1,GB250-1,,,
14-GB252,14,GB252,1,GB252-1,,,
14-GB253,14,GB253,0,GB253-0,,,
14-GB254,14,GB254,0,GB254-0,,,
14-GB256,14,GB256,0,GB256-0,,,
14-GB257,14,GB257,0,GB257-0,,,
14-GB260,14,GB260,0,GB260-0,,,
14-GB262,14,GB262,0,GB262-0,,,
14-GB263,14,GB263,0,GB263-0,,,
14-GB264,14,GB264,1,GB264-1,,,
14-GB265,14,GB265,0,GB265-0,,,
14-GB266,14,GB266,1,GB266-1,,,
14-GB270,14,GB270,0,GB270-0,,,
14-GB273,14,GB273,1,GB273-1,,,
14-GB275,14,GB275,1,GB275-1,,,
14-GB276,14,GB276,0,GB276-0,,,
14-GB285,14,GB285,0,GB285-0,,,
14-GB286,14,GB286,0,GB286-0,,,
14-GB291,14,GB291,0,GB291-0,,,
14-GB296,14,GB296,0,GB296-0,,,
14-GB297,14,GB297,0,GB297-0,,,
14-GB298,14,GB298,1,GB298-1,,,
14-GB299,14,GB299,0,GB299-0,,,
14-GB300,14,GB300,0,GB300-0,,,
14-GB301,14,GB301,1,GB301-1,,,
14-GB302,14,GB302,0,GB302-0,,,
14-GB303,14,GB303,0,GB303-0,,,
14-GB304,14,GB304,1,GB304-1,,,
14-GB305,14,GB305,1,GB305-1,,,
14-GB306,14,GB306,0,GB306-0,,,
14-GB309,14,GB309,0,GB309-0,,,
14-GB312,14,GB312,0,GB312-0,,,
14-GB313,14,GB313,0,GB313-0,,,
14-GB314,14,GB314,0,GB314-0,,,
14-GB315,14,GB315,0,GB315-0,,,
14-GB316,14,GB316,0,GB316-0,,,
14-GB317,14,GB317,0,GB317-0,,,
14-GB318,14,GB318,0,GB318-0,,,
14-GB319,14,GB319,0,GB319-0,,,
14-GB320,14,GB320,0,GB320-0,,,
14-GB321,14,GB321,0,GB321-0,,,
14-GB322,14,GB322,0,GB322-0,,,
14-GB323,14,GB323,0,GB323-0,,,
14-GB324,14,GB324,0,GB324-0,,,
14-GB325,14,GB325,1,GB325-1,,,
14-GB326,14,GB326,0,GB326-0,,,
14-GB327,14,GB327,1,GB327-1,,,
14-GB328,14,GB328,0,GB328-0,,,
14-GB329,14,GB329,0,GB329-0,,,
14-GB330,14,GB330,0,GB330-0,,,
14-GB331,14,GB331,0,GB331-0,,,
14-GB333,14,GB333,1,GB333-1,,,
14-GB334,14,GB334,0,GB334-0,,,
14-GB335,14,GB335,0,GB335-0,,,
14-GB336,14,GB336,0,GB336-0,,,
14-GB400,14,GB400,0,GB400-0,,,
14-GB401,14,GB401,0,GB401-0,,,
14-GB402,14,GB402,0,GB402-0,,,
14-GB403,14,GB403,0,GB403-0,,,
14-GB408,14,GB408,1,GB408-1,,,
14-GB409,14,GB409,0,GB409-0,,,
14-GB410,14,GB410,0,GB410-0,,,
14-GB415,14,GB415,0,GB415-0,,,
14-GB421,14,GB421,1,GB421-1,,,
14-GB422,14,GB422,0,GB422-0,,,
14-GB430,14,GB430,0,GB430-0,,,
14-GB431,14,GB431,0,GB431-0,,,
14-GB432,14,GB432,1,GB432-1,,,
14-GB433,14,GB433,1,GB433-1,,,
14-GB519,14,GB519,0,GB519-0,,,
14-GB520,14,GB520,0,GB520-0,,,
14-GB521,14,GB521,0,GB521-0,,,
14-GB522,14,GB522,1,GB522-1,,,
22-GB020,22,GB020,0,GB020-0,,,
22-GB021,22,GB021,0,GB021-0,,,
22-GB022,22,GB022,0,GB022-0,,,
22-GB023,22,GB023,1,GB023-1,,,
22-GB024,22,GB024,1,GB024-1,,,
22-GB025,22,GB025,1,GB025-1,,,
22-GB026,22,GB026,0,GB026-0,,,
22-GB027,22,GB027,1,GB027-1,,,
22-GB028,22,GB028,0,GB028-0,,,
22-GB030,22,GB030,0,GB030-0,,,
22-GB031,22,GB031,0,GB031-0,,,
22-GB035,22,GB035,0,GB035-0,,,
22-GB036,22,GB036,0,GB036-0,,,
22-GB037,22,GB037,0,GB037-0,,,
22-GB038,22,GB038,0,GB038-0,,,
22-GB039,22,GB039,0,GB039-0,,,
22-GB041,22,GB041,0,GB041-0,,,
22-GB042,22,GB042,0,GB042-0,,,
22-GB043,22,GB043,0,GB043-0,,,
22-GB044,22,GB044,1,GB044-1,,,
22-GB046,22,GB046,1,GB046-1,,,
22-GB047,22,GB047,1,GB047-1,,,
22-GB048,22,GB048,1,GB048-1,,,
22-GB049,22,GB049,1,GB049-1,,,
22-GB051,22,GB051,0,GB051-0,,,
22-GB052,22,GB052,0,GB052-0,,,
22-GB053,22,GB053,0,GB053-0,,,
22-GB054,22,GB054,0,GB054-0,,,
22-GB057,22,GB057,0,GB057-0,,,
22-GB058,22,GB058,0,GB058-0,,,
22-GB059,22,GB059,0,GB059-0,,,
22-GB065,22,GB065,1,GB065-1,,,
22-GB068,22,GB068,0,GB068-0,,,
22-GB069,22,GB069,0,GB069-0,,,
22-GB070,22,GB070,1,GB070-1,,,
22-GB071,22,GB071,1,GB071-1,,,
22-GB072,22,GB072,1,GB072-1,,,
22-GB073,22,GB073,1,GB073-1,,,
22-GB074,22,GB074,0,GB074-0,,,
22-GB075,22,GB075,1,GB075-1,,,
22-GB079,22,GB079,0,GB079-0,,,
22-GB080,22,GB080,0,GB080-0,,,
22-GB081,22,GB081,0,GB081-0,,,
22-GB082,22,GB082,0,GB082-0,,,
22-GB083,22,GB083,1,GB083-1,,,
22-GB084,22,GB084,0,GB084-0,,,
22-GB086,22,GB086,0,GB086-0,,,
22-GB089,22,GB089,1,GB089-1,,,
22-GB090,22,GB090,0,GB090-0,,,
22-GB091,22,GB091,1,GB091-1,,,
22-GB092,22,GB092,0,GB092-0,,,
22-GB093,22,GB093,0,GB093-0,,,
22-GB094,22,GB094,0,GB094-0,,,
22-GB095,22,GB095,0,GB095-0,,,
22-GB096,22,GB096,0,GB096-0,,,
22-GB098,22,GB098,0,GB098-0,,,
22-GB099,22,GB099,0,GB099-0,,,
22-GB103,22,GB103,0,GB103-0,,,
22-GB104,22,GB104,0,GB104-0,,,
22-GB105,22,GB105,0,GB105-0,,,
22-GB107,22,GB107,0,GB107-0,,,
22-GB108,22,GB108,0,GB108-0,,,
22-GB109,22,GB109,0,GB109-0,,,
22-GB110,22,GB110,0,GB110-0,,,
22-GB111,22,GB111,0,GB111-0,,,
22-GB113,22,GB113,1,GB113-1,,,
22-GB114,22,GB114,1,GB114-1,,,
22-GB115,22,GB115,1,GB115-1,,,
22-GB116,22,GB116,0,GB116-0,,,
22-GB117,22,GB117,1,GB117-1,,,
22-GB118,22,GB118,0,GB118-0,,,
22-GB119,22,GB119,0,GB119-0,,,
22-GB120,22,GB120,0,GB120-0,,,
22-GB121,22,GB121,1,GB121-1,,,
22-GB122,22,GB122,0,GB122-0,,,
22-GB123,22,GB123,0,GB123-0,,,
22-GB124,22,GB124,0,GB124-0,,,
22-GB126,22,GB126,1,GB126-1,,,
22-GB127,22,GB127,0,GB127-0,,,
22-GB129,22,GB129,0,GB129-0,,,
22-GB130,22,GB130,1,GB130-1,,,
22-GB131,22,GB131,0,GB131-0,,,
22-GB132,22,GB132,1,GB132-1,,,
22-GB133,22,GB133,0,GB133-0,,,
22-GB134,22,GB134,?,,,,
22-GB135,22,GB135,1,GB135-1,,,
22-GB136,22,GB136,0,GB136-0,,,
22-GB137,22,GB137,0,GB137-0,,,
22-GB138,22,GB138,0,GB138-0,,,
22-GB139,22,GB139,1,GB139-1,,,
22-GB140,22,GB140,0,GB140-0,,,
22-GB146,22,GB146,0,GB146-0,,,
22-GB147,22,GB147,?,,,,
22-GB148,22,GB148,?,,,,
22-GB149,22,GB149,0,GB149-0,,,
22-GB150,22,GB150,0,GB150-0,,,
22-GB151,22,GB151,0,GB151-0,,,
22-GB152,22,GB152,0,GB152-0,,,
22-GB155,22,GB155,1,GB155-1,,,
22-GB156,22,GB156,0,GB156-0,,,
22-GB158,22,GB158,0,GB158-0,,,
22-GB159,22,GB159,0,GB159-0,,,
22-GB160,22,GB160,1,GB160-1,,,
22-GB165,22,GB165,0,GB165-0,,,
22-GB166,22,GB166,0,GB166-0,,,
22-GB167,22,GB167,0,GB167-0,,,
22-GB170,22,GB170,0,GB170-0,,,
22-GB171,22,GB171,0,GB171-0,,,
22-GB172,22,GB172,0,GB172-0,,,
22-GB177,22,GB177,0,GB177-0,,,
22-GB184,22,GB184,0,GB184-0,,,
22-GB185,22,GB185,0,GB185-0,,,
22-GB186,22,GB186,0,GB186-0,,,
22-GB187,22,GB187,1,GB187-1,,,
22-GB188,22,GB188,0,GB188-0,,,
22-GB192,22,GB192,0,GB192-0,,,
22-GB193,22,GB193,1,GB193-1,,,
22-GB196,22,GB196,0,GB196-0,,,
22-GB197,22,GB197,0,GB197-0,,,
22-GB198,22,GB198,0,GB198-0,,,
22-GB203,22,GB203,1,GB203-1,,,
22-GB204,22,GB204,0,GB204-0,,,
22-GB250,22,GB250,0,GB250-0,,,
22-GB252,22,GB252,0,GB252-0,,,
22-GB253,22,GB253,0,GB253-0,,,
22-GB254,22,GB254,1,GB254-1,,,
22-GB256,22,GB256,0,GB256-0,,,
22-GB257,22,GB257,?,,,,
22-GB260,22,GB260,?,,,,
22-GB262,22,GB262,0,GB262-0,,,
22-GB263,22,GB263,0,GB263-0,,,
22-GB264,22,GB264,1,GB264-1,,,
22-GB265,22,GB265,0,GB265-0,,,
22-GB266,22,GB266,1,GB266-1,,,
22-GB270,22,GB270,0,GB270-0,,,
22-GB273,22,GB273,1,GB273-1,,,
22-GB275,22,GB275,1,GB275-1,,,
22-GB276,22,GB276,1,GB276-1,,,
22-GB285,22,GB285,0,GB285-0,,,
22-GB286,22,GB286,1,GB286-1,,,
22-GB291,22,GB291,0,GB291-0,,,
22-GB296,22,GB296,0,GB296-0,,,
22-GB297,22,GB297,0,GB297-0,,,
22-GB298,22,GB298,1,GB298-1,,,
22-GB299,22,GB299,0,GB299-0,,,
22-GB300,22,GB300,0,GB300-0,,,
22-GB301,22,GB301,0,GB301-0,,,
22-GB302,22,GB302,1,GB302-1,,,
22-GB303,22,GB303,0,GB303-0,,,
22-GB304,22,GB304,1,GB304-1,,,
22-GB305,22,GB305,1,GB305-1,,,
22-GB306,22,GB306,0,GB306-0,,,
22-GB309,22,GB309,0,GB309-0,,,
22-GB312,22,GB312,1,GB312-1,,,
22-GB313,22,GB313,0,GB313-0,,,
22-GB314,22,GB314,0,GB314-0,,,
22-GB315,22,GB315,0,GB315-0,,,
22-GB316,22,GB316,0,GB316-0,,,
22-GB317,22,GB317,0,GB317-0,,,
22-GB318,22,GB318,0,GB318-0,,,
22-GB319,22,GB319,0,GB319-0,,,
22-GB320,22,GB320,0,GB320-0,,,
22-GB321,22,GB321,0,GB321-0,,,
22-GB322,22,GB322,0,GB322-0,,,
22-GB323,22,GB323,1,GB323-1,,,
22-GB324,22,GB324,0,GB324-0,,,
22-GB325,22,GB325,1,GB325-1,,,
22-GB326,22,GB326,1,GB326-1,,,
22-GB327,22,GB327,1,GB327-1,,,
22-GB328,22,GB328,1,GB328-1,,,
22-GB329,22,GB329,0,GB329-0,,,
22-GB330,22,GB330,0,GB330-0,,,
22-GB331,22,GB331,?,,,,
22-GB333,22,GB333,1,GB333-1,,,
22-GB334,22,GB334,0,GB334-0,,,
22-GB335,22,GB335,0,GB335-0,,,
22-GB336,22,GB336,0,GB336-0,,,
22-GB400,22,GB400,?,,,,
22-GB401,22,GB401,0,GB401-0,,,
22-GB402,22,GB402,0,GB402-0,,,
22-GB403,22,GB403,0,GB403-0,,,
22-GB408,22,GB408,1,GB408-1,,,
22-GB409,22,GB409,0,GB409-0,,,
22-GB410,22,GB410,1,GB410-1,,,
22-GB415,22,GB415,?,,,,
22-GB421,22,GB421,1,GB421-1,,,
22-GB422,22,GB422,?,,,,
22-GB430,22,GB430,0,GB430-0,,,
22-GB431,22,GB431,0,GB431-0,,,
22-GB432,22,GB432,1,GB432-1,,,
22-GB433,22,GB433,1,GB433-1,,,
22-GB519,22,GB519,1,GB519-1,,,
22-GB520,22,GB520,0,GB520-0,,,
22-GB521,22,GB521,0,GB521-0,,,
22-GB522,22,GB522,1,GB522-1,,,
